ID,Proposal,Deadline,Submission Mode,Assigned to,Status
p3c98cd9e,Capacity Building of Indus Health Hospital,2026-09-17,Email only,"Ali Waheed, Amina",Submitted
pc42c48c2,Danish Refugee Council,2026-09-20,Online/Portal + Hard copy,Sajida,Submitted
p83414336,EOI - GRADES STP - School Education Dept,2026-09-21,Email + Hard copy,"Ali Waheed, Sajida, Ayesha",Submitted
p215808f0,SMEDA,2026-09-22,Email + Hard copy,,Not Submitted
p0d08963d,Market Assesment NDF,2026-09-23,Email only,"Irfan, Sajjad Haider",Submitted
p6560c9a3,Capacity Building - UNESCO,2026-09-24,Email + Hard copy,"Shahid Minhas, Zunaira",In Progress
p83df7848,Barrier Analysis - Water Aid,2026-09-25,Hard copy only,"Irfan, Sajida",In Progress
p1af14ce3,Digital Payment - Karandaz,2026-09-30,Email + Hard copy,"Ali Waheed, Amina",In Progress
p3b3d3281,I Can Training,2026-09-30,Email only,"Shahid Minhas, Sajida, Zunaira",In Progress
pc9a65452,Outcome Evaluation & Impact Assessment SMEDA,2026-10-01,Online/Portal only,"Ali Waheed, Sajida, Ayesha",In Progress
pe169bfdd,Research Assessment Reporting & Publications – PFPP,2026-10-05,Email + Hard copy,Sajida,Not Started Yet
pd21c2d69,ITT FCDO – Foreign Commonwealth,2026-11-02,Online/Portal only,"Ali Waheed, Sajida, Daniyal",Not Started Yet
